timestamp,segment_1,segment_2,segment_3,segment_4,segment_5,segment_6,segment_7
2000-01-01,0.4967141530112327,0.4967141530112327,0.4967141530112327,0.4967141530112327,0.4967141530112327,0.4967141530112327,0.4967141530112327
2000-01-02,-0.13826430117118466,-0.12159763450451799,2.2072301462329045,2.2238968128995715,-0.13826430117118466,-0.12159763450451799,1.1800535828481564
2000-01-03,0.6476885381006925,0.6810218714340258,3.5724722746461635,3.6058056079794967,0.6476885381006925,0.6810218714340258,3.026516318838115
2000-01-04,1.5230298564080254,1.5730298564080254,2.8246810737606998,2.8746810737607,1.5230298564080254,1.5730298564080254,4.497813592953497
2000-01-05,-0.23415337472333597,-0.16748670805666932,-1.53580459207601,-1.4691379254093433,-0.23415337472333597,-0.16748670805666932,2.757297028488802
2000-01-06,-0.23413695694918055,-0.1508036236158472,-3.1589206934946517,-3.075587360161318,-0.23413695694918055,-0.1508036236158472,2.1946908237882425
2000-01-07,1.5792128155073915,1.6792128155073915,-0.7662816318966983,-0.6662816318966982,1.5792128155073915,1.6792128155073915,2.980864032860066
2000-01-08,0.7674347291529088,0.8841013958195755,0.767434729152908,0.8841013958195747,0.7674347291529088,0.8841013958195755,0.8841013958195758
2000-01-09,-0.4694743859349521,-0.33614105260161875,1.8760200614691367,2.00935339480247,-0.4694743859349521,-0.33614105260161875,-1.6377922699542928
2000-01-10,0.5425600435859647,0.6925600435859647,3.467343780131436,3.617343780131436,0.5425600435859647,0.6925600435859647,-1.6529344038181246
2000-01-11,-0.46341769281246226,-0.2967510261457956,0.838233524540213,1.0049001912068798,-0.46341769281246226,-0.2967510261457956,-3.2215347626912667
2000-01-12,-0.46572975357025687,-0.2823964202369236,-1.7673809709229302,-1.5840476375895969,-0.46572975357025687,-0.2823964202369236,-3.2071801567823943
2000-01-13,0.24196227156603412,0.4419622715660341,-2.6828214649794364,-2.4828214649794362,0.24196227156603412,0.4419622715660341,-1.9035321758380557
2000-01-14,-1.913280244657798,-1.696613577991131,-4.258774692061888,-4.042108025395221,-1.913280244657798,-1.696613577991131,-2.998264795343806
2000-01-15,-1.7249178325130328,-1.4915844991796994,-1.7249178325130343,-1.491584499179701,-1.7249178325130328,-1.4915844991796994,-1.4915844991797
2000-01-16,-0.5622875292409727,-0.3122875292409727,1.7832069181631156,2.0332069181631156,-0.5622875292409727,-0.3122875292409727,0.9893636881117011
2000-01-17,-1.0128311203344238,-0.7461644536677572,1.9119526162110476,2.1786192828777144,-1.0128311203344238,-0.7461644536677572,1.5993299937363317
2000-01-18,0.3142473325952739,0.5975806659286071,1.61589854994795,1.8992318832812831,0.3142473325952739,0.5975806659286071,3.5223644024740777
2000-01-19,-6.908024075521211,-6.608024075521211,-8.209675292873884,-7.909675292873883,-0.9080240755212109,-0.608024075521211,2.3167596610242605
2000-01-20,-1.4123037013352915,-1.0956370346686248,-4.337087437880762,-4.020420771214095,-1.4123037013352915,-1.0956370346686248,1.2498574127354654
2000-01-21,1.465648768921554,1.7989821022548873,-0.8798456784825366,-0.5465123451492033,1.465648768921554,1.7989821022548873,3.100633319607563
2000-01-22,-0.22577630048653566,0.12422369951346432,-0.22577630048653785,0.12422369951346211,-0.22577630048653566,0.12422369951346432,0.12422369951346542
2000-01-23,0.06752820468792384,0.43419487135459045,2.4130226520920117,2.7796893187586784,0.06752820468792384,0.43419487135459045,-0.8674563459980829
2000-01-24,-1.4247481862134568,-1.0414148528801235,1.5000355503320146,1.883368883665348,-1.4247481862134568,-1.0414148528801235,-3.3869093002842123
2000-01-25,-0.5443827245251827,-0.14438272452518264,0.757268492827494,1.157268492827494,-0.5443827245251827,-0.14438272452518264,-3.0691664610706533
2000-01-26,0.11092258970986608,0.5275892563765328,-1.190728627642806,-0.7740619609761392,0.11092258970986608,0.5275892563765328,-2.3971944801689387
2000-01-27,-1.1509935774223028,-0.7176602440889694,-4.075777313967773,-3.6424439806344395,-1.1509935774223028,-0.7176602440889694,-3.0631546914930596
2000-01-28,0.37569801834567196,0.8256980183456719,-1.9697964290584191,-1.5197964290584192,0.37569801834567196,0.8256980183456719,-0.47595319900700384
2000-01-29,-0.600638689918805,-0.1339720232521383,-0.6006386899188079,-0.13397202325214125,-0.600638689918805,-0.1339720232521383,-0.13397202325213978
2000-01-30,-0.2916937497932768,0.19163958354005656,2.0538006976108107,2.537134030944144,-0.2916937497932768,0.19163958354005656,1.4932908008927297
2000-01-31,-0.6017066122293969,-0.10170661222939692,2.3230771243160744,2.8230771243160744,-0.6017066122293969,-0.10170661222939692,2.2437878351746914
2000-02-01,1.8522781845089378,2.3689448511756046,3.153929401861615,3.670596068528282,1.8522781845089378,2.3689448511756046,5.293728587721075
2000-02-02,-0.013497224737933921,0.5198361085953994,-1.3151484420906052,-0.7818151087572719,-0.013497224737933921,0.5198361085953994,3.444619845140871
2000-02-03,-1.0577109289559004,-0.5077109289559003,-3.9824946655013704,-3.4324946655013706,-1.0577109289559004,-0.5077109289559003,1.8377835184481899
2000-02-04,6.822544912103189,7.389211578769856,4.477050464699097,5.043717131365764,0.822544912103189,1.3892115787698556,2.6908627961225315
2000-02-05,-1.2208436499710222,-0.6375103166376889,-1.220843649971026,-0.6375103166376925,-1.2208436499710222,-0.6375103166376889,-0.637510316637687
2000-02-06,0.2088635950047554,0.8088635950047554,2.5543580424088423,3.1543580424088424,0.2088635950047554,0.8088635950047554,-0.4927876223479173
2000-02-07,-1.9596701238797756,-1.3430034572131089,0.9651136126656963,1.581780279332363,-1.9596701238797756,-1.3430034572131089,-3.688497904617197
2000-02-08,-1.3281860488984305,-0.6948527155650972,-0.026534831545752535,0.6067985017875808,-1.3281860488984305,-0.6948527155650972,-3.6196364521105675
2000-02-09,0.19686123586912352,0.8468612358691235,-1.1047899814835471,-0.4547899814835471,0.19686123586912352,0.8468612358691235,-2.077922500676348
2000-02-10,0.7384665799954104,1.4051332466620772,-2.186317156550059,-1.5196504898833925,0.7384665799954104,1.4051332466620772,-0.9403612007420135
2000-02-11,0.1713682811899705,0.8547016145233038,-2.1741261662141214,-1.4907928328807882,0.1713682811899705,0.8547016145233038,-0.44694960282937257
2000-02-12,-0.11564828238824053,0.5843517176117594,-0.11564828238824494,0.584351717611755,-0.11564828238824053,0.5843517176117594,0.5843517176117572
2000-02-13,-0.3011036955892888,0.4155629710773779,2.044390751814798,2.7610574184814647,-0.3011036955892888,0.4155629710773779,1.7172141884300502
2000-02-14,-1.4785219903674274,-0.7451886570340941,1.4462617461780445,2.179595079511378,-1.4785219903674274,-0.7451886570340941,1.600305790369994
2000-02-15,-6.719844208394709,-5.969844208394709,-5.41819299104203,-4.66819299104203,-0.7198442083947086,0.03015579160529136,2.9549395281507613
2000-02-16,-0.4606387709597875,0.3060278957068791,-1.7622899883124574,-0.9956233216457908,-0.4606387709597875,0.3060278957068791,3.2308116322523506
2000-02-17,1.0571222262189157,1.840455559552249,-1.867661510326554,-1.0843281769932207,1.0571222262189157,1.840455559552249,4.18595000695634
2000-02-18,0.3436182895684614,1.1436182895684615,-2.001876157835631,-1.201876157835631,0.3436182895684614,1.1436182895684615,2.445269506921138
2000-02-19,-1.763040155362734,-0.9463734886960673,-1.763040155362739,-0.9463734886960724,-1.763040155362734,-0.9463734886960673,-0.9463734886960647
2000-02-20,0.324083969394795,1.1574173027281285,2.669578416798881,3.5029117501322147,0.324083969394795,1.1574173027281285,-0.1442339146245435
2000-02-21,-0.38508228041631654,0.46491771958368344,2.5397014561291553,3.3897014561291554,-0.38508228041631654,0.46491771958368344,-1.880576727820404
2000-02-22,-0.6769220003059587,0.18974466636070797,0.6247292170467206,1.4913958837133872,-0.6769220003059587,0.18974466636070797,-2.735039070184762
2000-02-23,0.6116762888408679,1.495009622174201,-0.6899749285118014,0.19335840482153177,0.6116762888408679,1.495009622174201,-1.4297741143712703
2000-02-24,1.030999522495951,1.9309995224959509,-1.8937842140495187,-0.9937842140495188,1.030999522495951,1.9309995224959509,-0.4144949249081402
2000-02-25,0.9312801191161986,1.8479467857828653,-1.4142143282878943,-0.49754766162122754,0.9312801191161986,1.8479467857828653,0.5462955684301882
2000-02-26,-0.8392175232226385,0.09411581011069481,-0.8392175232226444,0.09411581011068892,-0.8392175232226385,0.09411581011069481,0.09411581011069187
2000-02-27,-0.3092123758512146,0.6407876241487853,2.036282071552871,2.9862820715528713,-0.3092123758512146,0.6407876241487853,1.942438841501457
2000-02-28,0.33126343140356396,1.2979300980702306,3.256047167949036,4.222713834615703,0.33126343140356396,1.2979300980702306,3.643424545474318
2000-02-29,0.9755451271223592,1.9588784604556926,2.277196344475039,3.2605296778083726,0.9755451271223592,1.9588784604556926,4.883662197001163
2000-03-01,-0.47917423784528995,0.5208257621547101,-1.7808254551979585,-0.7808254551979585,-0.47917423784528995,0.5208257621547101,3.4456094987001817
2000-03-02,-0.18565897666381712,0.8310076900028495,-3.1104427132092867,-2.09377604654262,-0.18565897666381712,0.8310076900028495,3.176502137406941
2000-03-03,-1.1063349740060282,-0.07300164067269499,-3.4518294214101215,-2.4184960880767883,-1.1063349740060282,-0.07300164067269499,1.2286495766799823
2000-03-04,-1.1962066240806708,-0.14620662408067076,-1.1962066240806775,-0.14620662408067736,-1.1962066240806708,-0.14620662408067076,-0.14620662408066745
2000-03-05,-5.187474177605802,-4.1208075109391356,-2.841979730201717,-1.7753130635350507,0.812525822394198,1.8791924890608647,0.5775412717081934
2000-03-06,1.356240028570823,2.439573361904156,4.281023765116295,5.364357098449629,1.356240028570823,2.439573361904156,0.09407891450006867
2000-03-07,-0.07201012158033385,1.0279898784196662,1.2296410957723467,2.329641095772347,-0.07201012158033385,1.0279898784196662,-1.896793858125804
2000-03-08,1.0035328978920242,2.120199564558691,-0.2981183194606438,0.8185483472060229,1.0035328978920242,2.120199564558691,-0.8045841719867806
2000-03-09,0.36163602504763415,1.4949693583809673,-2.563147711497835,-1.4298143781645019,0.36163602504763415,1.4949693583809673,-0.8505250890231246
2000-03-10,-0.6451197546051243,0.5048802453948756,-2.9906142020092186,-1.8406142020092187,-0.6451197546051243,0.5048802453948756,-0.7967709719578021
2000-03-11,0.36139560550841393,1.5280622721750807,0.3613956055084066,1.5280622721750734,0.36139560550841393,1.5280622721750807,1.528062272175077
2000-03-12,7.538036566465969,8.721369899799303,9.883531013870055,11.066864347203389,1.5380365664659692,2.7213698997993028,4.023021117151973
2000-03-13,-0.03582603910995154,1.1641739608900483,2.888957697435521,4.088957697435521,-0.03582603910995154,1.1641739608900483,3.5096684082941354
2000-03-14,1.5646436558140062,2.781310322480673,2.866294873166707,4.082961539833374,1.5646436558140062,2.781310322480673,5.706094059026141
2000-03-15,-2.6197451040897444,-1.386411770756411,-3.921396321442412,-2.6880629881090785,-2.6197451040897444,-1.386411770756411,1.5383719657890609
2000-03-16,0.8219025043752238,2.071902504375224,-2.10288123217025,-0.8528812321702501,0.8219025043752238,2.071902504375224,4.417396951779309
2000-03-17,0.08704706823817121,1.3537137349048378,-2.2584473791659234,-0.9917807124992568,0.08704706823817121,1.3537137349048378,2.655364952257516
2000-03-18,-0.2990073504658674,0.9843259828674658,-0.2990073504658968,0.9843259828674363,-0.2990073504658674,0.9843259828674658,0.9843259828674804
2000-03-19,0.0917607765355023,1.3917607765355022,2.437255223939587,3.7372552239395866,0.0917607765355023,1.3917607765355022,0.09010955918283159
2000-03-20,-1.9875689146008928,-0.6709022479342261,0.9372148219445751,2.253881488611242,-1.9875689146008928,-0.6709022479342261,-3.0163966953383197
2000-03-21,-0.21967188783751193,1.1136614454958214,1.0819793295151698,2.4153126628485033,-0.21967188783751193,1.1136614454958214,-1.8111222910496483
2000-03-22,0.3571125715117464,1.7071125715117466,-0.9445386458409011,0.405461354159099,0.3571125715117464,1.7071125715117466,-1.2176711650337275
2000-03-23,1.477894044741516,2.8445607114081826,-1.4468896918039527,-0.08022302513728619,1.477894044741516,2.8445607114081826,0.4990662640040906
2000-03-24,-0.5182702182736474,0.8650631150596859,-2.863764665677729,-1.4804313323443958,-0.5182702182736474,0.8650631150596859,-0.4365881022929827
2000-03-25,-0.8084936028931876,0.5915063971068123,-0.8084936028931964,0.5915063971068035,-0.8084936028931876,0.5915063971068123,0.5915063971068079
2000-03-26,-0.5017570435845365,0.9149096230821302,1.8437374038195342,3.2604040704862007,-0.5017570435845365,0.9149096230821302,2.216560840434791
2000-03-27,0.9154021177020741,2.3487354510354077,3.840185854247547,5.273519187580881,0.9154021177020741,2.3487354510354077,4.694229898439494
2000-03-28,0.32875110965968446,1.7787511096596844,1.6304023270123478,3.0804023270123477,0.32875110965968446,1.7787511096596844,4.703534846205157
2000-03-29,-0.5297602037670388,0.9369064628996278,-1.8314114211197048,-0.3647447544530382,-0.5297602037670388,0.9369064628996278,3.8616901994451
2000-03-30,0.5132674331133561,1.9966007664466896,-2.4115163034321077,-0.9281829700987743,0.5132674331133561,1.9966007664466896,4.342095213850788
2000-03-31,0.09707754934804039,1.5970775493480405,-2.248416898056055,-0.748416898056055,0.09707754934804039,1.5970775493480405,2.898728766700719
2000-04-01,0.9686449905328892,2.485311657199556,0.968644990532901,2.4853116571995675,0.9686449905328892,2.485311657199556,2.48531165719955
2000-04-02,-0.7020530938773524,0.8312802394559808,1.6434413535267312,3.1767746868600644,-0.7020530938773524,0.8312802394559808,-0.47037097789668914
2000-04-03,-0.3276621465977682,1.2223378534022318,2.5971215899477094,4.14712158994771,-0.3276621465977682,1.2223378534022318,-1.1231565940018478
2000-04-04,-0.39210815313215763,1.174558513534509,0.9095430642205254,2.476209730887192,-0.39210815313215763,1.174558513534509,-1.7502252230109607
2000-04-05,-1.4635149481321186,0.11981838520121468,-2.765166165484803,-1.1818328321514697,-1.4635149481321186,0.11981838520121468,-2.804965351344255
2000-04-06,0.29612027706457605,1.8961202770645762,-2.628663459480893,-1.0286634594808926,0.29612027706457605,1.8961202770645762,-0.4493741703395162
2000-04-07,0.26105527217988933,1.877721938846556,-2.0844391752242197,-0.4677725085575528,0.26105527217988933,1.877721938846556,0.5760707214938676
2000-04-08,0.00511345664246089,1.6384467899757942,0.005113456642450603,1.638446789975784,0.00511345664246089,1.6384467899757942,1.638446789975789
2000-04-09,-0.23458713337514692,1.415412866624853,2.1109073140289496,3.7609073140289495,-0.23458713337514692,1.415412866624853,2.717064083977532
2000-04-10,-1.4153707420504142,0.2512959246162525,1.509412994495059,3.176079661161726,-1.4153707420504142,0.2512959246162525,2.5967903720203385
2000-04-11,-0.42064532276535904,1.2626880105679743,0.881005894587344,2.5643392279206774,-0.42064532276535904,1.2626880105679743,4.187471747113442
2000-04-12,-0.3427145165267695,1.3572854834732304,-1.6443657338794342,0.05563426612056577,-0.3427145165267695,1.3572854834732304,4.282069220018702
2000-04-13,-0.8022772692216189,0.9143893974450477,-3.727061005767092,-2.0103943391004258,-0.8022772692216189,0.9143893974450477,3.259883844849134
2000-04-14,-0.16128571166600914,1.5720476216673243,-2.5067801590701055,-0.7734468257367721,-0.16128571166600914,1.5720476216673243,2.873698839020004
2000-04-15,0.4040508568145384,2.1540508568145382,0.40405085681450603,2.154050856814506,0.4040508568145384,2.1540508568145382,2.154050856814554
2000-04-16,-4.11381409878947,-2.347147432122803,-1.7683196513853874,-0.0016529847187207736,1.8861859012105302,3.652852567877197,2.3512013505245277
2000-04-17,0.17457781283183896,1.9579111461651721,3.0993615493773077,4.882694882710641,0.17457781283183896,1.9579111461651721,-0.38758330123892026
2000-04-18,0.25755039072276437,2.0575503907227644,1.5592016080754487,3.3592016080754488,0.25755039072276437,2.0575503907227644,-0.8672333458227053
2000-04-19,-0.07444591576616721,1.7422207509004994,-1.376097133118812,0.44056953354785455,-0.07444591576616721,1.7422207509004994,-1.182562985644975
2000-04-20,-1.9187712152990415,-0.08543788196570823,-4.84355495184451,-3.0102216185111765,-1.9187712152990415,-0.08543788196570823,-2.430932329369801
2000-04-21,-0.026513875449216878,1.823486124550783,-2.3720083228533,-0.5220083228533006,-0.026513875449216878,1.823486124550783,0.521834907198113
2000-04-22,0.06023020994102644,1.926896876607693,0.06023020994101468,1.9268968766076813,0.06023020994102644,1.926896876607693,1.9268968766076873
2000-04-23,2.463242112485286,4.346575445818619,4.808736559889355,6.692069893222688,2.463242112485286,4.346575445818619,5.648226663171278
2000-04-24,-0.19236096478112252,1.7076390352188775,2.732422771764351,4.632422771764351,-0.19236096478112252,1.7076390352188775,4.053133482622963
2000-04-25,0.30154734233361247,2.2182140090002793,1.6031985596862786,3.5198652263529455,0.30154734233361247,2.2182140090002793,5.142997745545751
2000-04-26,-0.03471176970524331,1.89862156362809,-1.3363629870579066,0.5969703462754268,-0.03471176970524331,1.89862156362809,4.823405300173563
2000-04-27,-1.168678037619532,0.7813219623804679,-4.093461774164996,-2.1434617741649955,-1.168678037619532,0.7813219623804679,3.126816409784568
2000-04-28,1.1428228145150205,3.1094894811816873,-1.2026716328890767,0.76399503377759,1.1428228145150205,3.1094894811816873,4.411140698534368
2000-04-29,0.7519330326867741,2.7352663660201078,0.7519330326867829,2.7352663660201166,0.7519330326867741,2.7352663660201078,2.7352663660201033
2000-04-30,0.7910319470430469,2.791031947043047,3.1365263944471287,5.136526394447129,0.7910319470430469,2.791031947043047,1.4893807296903783
2000-05-01,-0.9093874547947389,1.1072792118719277,2.0153962817507396,4.032062948417407,-0.9093874547947389,1.1072792118719277,-1.238215235532151
2000-05-02,-4.597205689063901,-2.5638723557305676,-3.295554471711215,-1.2622211383778819,1.4027943109360992,3.4361276442694324,0.5113439077239628
2000-05-03,-1.4018510627922809,0.6481489372077189,-2.7035022801449626,-0.6535022801449628,-1.4018510627922809,0.6481489372077189,-2.2766347993377507
2000-05-04,0.5868570938002703,2.653523760466937,-2.3379266427451975,-0.27125997607853103,0.5868570938002703,2.653523760466937,0.30802931306284353
2000-05-05,2.1904556258099785,4.273788959143312,-0.15503882159413251,1.928294511739201,2.1904556258099785,4.273788959143312,2.9721377417906223
2000-05-06,-0.9905363251306883,1.1094636748693119,-0.9905363251307016,1.1094636748692985,-6.990536325130688,-4.890536325130688,-4.890536325130695
2000-05-07,-0.5662977296027719,1.5503689370638947,1.7791967178013226,3.8958633844679893,-0.5662977296027719,1.5503689370638947,2.8520201544165724
2000-05-08,0.09965136508764122,2.2329846984209745,3.0244351016331152,5.1577684349664485,0.09965136508764122,2.2329846984209745,4.578479145825059
2000-05-09,-0.5034756541161992,1.6465243458838006,0.7981755632365065,2.9481755632365063,-0.5034756541161992,1.6465243458838006,4.571308082429267
2000-05-10,-1.5506634310661327,0.6160032356005338,-2.852314648418795,-0.6856479817521282,-1.5506634310661327,0.6160032356005338,3.540786972146006
2000-05-11,0.06856297480602733,2.2518963081393606,-2.856220761739445,-0.6728874284061117,0.06856297480602733,2.2518963081393606,4.597390755543447
2000-05-12,-1.0623037137261049,1.1376962862738953,-3.407798161130203,-1.2077981611302029,-1.0623037137261049,1.1376962862738953,2.4393475036265757
2000-05-13,0.4735924306351816,2.6902590973018485,0.47359243063514633,2.6902590973018135,0.4735924306351816,2.6902590973018485,2.6902590973018663
2000-05-14,-0.9194242342338032,1.3139090990995301,1.4260702131702776,3.659403546503611,-0.9194242342338032,1.3139090990995301,0.012257881746862154
2000-05-15,1.5499344050175394,3.7999344050175394,4.474718141563009,6.724718141563009,1.5499344050175394,3.7999344050175394,1.4544399576134475
2000-05-16,-0.7832532923362371,1.4834133743304294,0.51839792501645,2.7850645916831165,-0.7832532923362371,1.4834133743304294,-1.4413703622150398
2000-05-17,-0.3220615162056756,1.9612718171276575,-1.623712733558318,0.6596205997750153,-0.3220615162056756,1.9612718171276575,-0.9635119194178174
2000-05-18,0.8135172173696698,3.1135172173696697,-2.1112665191757976,0.18873348082420227,0.8135172173696698,3.1135172173696697,0.7680227699655755
2000-05-19,-1.2308643164339552,1.0858023502327112,-3.57635876383804,-1.2596920971713736,-1.2308643164339552,1.0858023502327112,-0.2158488671199601
2000-05-20,0.22745993460412942,2.5607932679374628,0.22745993460411473,2.560793267937448,0.22745993460412942,2.5607932679374628,2.560793267937455
2000-05-21,1.307142754282428,3.657142754282428,3.6526372016864945,6.002637201686495,1.307142754282428,3.657142754282428,4.958793971635086
2000-05-22,-1.6074832345612275,0.7591834321054391,1.3173005019842465,3.6839671686509132,-1.6074832345612275,0.7591834321054391,3.104677879509524
2000-05-23,0.1846338585323042,2.5679671918656375,1.4862850758849728,3.8696184092183064,0.1846338585323042,2.5679671918656375,5.492750928411109
2000-05-24,0.25988279424842353,2.6598827942484236,-1.0417684231042372,1.358231576895763,0.25988279424842353,2.6598827942484236,5.584666530793896
2000-05-25,0.7818228717773104,3.198489538443977,-2.142960864768152,0.27370580189851434,0.7818228717773104,3.198489538443977,5.543983985848078
2000-05-26,-1.236950710878082,1.1963826224552512,-3.582445158282207,-1.149111824948874,-1.236950710878082,1.1963826224552512,2.4980338398079516
2000-05-27,-1.3204566130842763,1.1295433869157239,-1.3204566130842703,1.1295433869157299,-1.3204566130842763,1.1295433869157239,1.129543386915721
2000-05-28,0.5219415656168976,2.9886082322835645,2.8674360130209773,5.3341026796876445,0.5219415656168976,2.9886082322835645,1.6869570149308972
2000-05-29,0.29698467323318606,2.7803180065665196,3.2217684097786656,5.7051017431119995,0.29698467323318606,2.7803180065665196,0.43482355916244186
2000-05-30,0.25049285034587654,2.7504928503458768,1.5521440676985268,4.052144067698527,0.25049285034587654,2.7504928503458768,-0.17429088619959732
2000-05-31,0.3464482094969757,2.8631148761636425,-0.9552030078557037,1.5614636588109632,0.3464482094969757,2.8631148761636425,-0.06166886038182762
2000-06-01,-0.6800247215784908,1.8533086117548425,-3.6048084581239577,-1.0714751247906245,-0.6800247215784908,1.8533086117548425,-0.4921858356492521
2000-06-02,0.23225369716100355,2.7822536971610035,-2.113240750243109,0.4367592497568906,0.23225369716100355,2.7822536971610035,1.4806024798083124
2000-06-03,0.29307247329868125,2.8597391399653476,0.29307247329862246,2.859739139965289,0.29307247329868125,2.8597391399653476,2.8597391399653183
2000-06-04,-0.7143514180263678,1.8689819153069656,1.6311430293777245,4.214476362711058,-0.7143514180263678,1.8689819153069656,3.170633132659642
2000-06-05,7.865774511144757,10.465774511144756,10.790558247690232,13.390558247690231,1.8657745111447566,4.465774511144756,6.81126895854884
2000-06-06,0.4738329209117875,3.090499587578454,1.775484138264496,4.392150804931163,0.4738329209117875,3.090499587578454,6.015283324123921
2000-06-07,-1.1913034972026486,1.4420298361306847,-2.4929547145553466,0.14037861877798696,-1.1913034972026486,1.4420298361306847,4.366813572676152
2000-06-08,0.6565536086338297,3.3065536086338296,-2.268230127911642,0.3817698720883578,0.6565536086338297,3.3065536086338296,5.652048056037918
2000-06-09,-6.974681670227321,-4.308015003560655,-9.320176117631421,-6.653509450964755,-0.9746816702273214,1.691984996439345,2.9936362137920267
2000-06-10,0.787084603742452,3.4704179370757853,0.7870846037424138,3.470417937075747,0.787084603742452,3.4704179370757853,3.4704179370758044
2000-06-11,1.158595579007404,3.858595579007404,3.504090026411456,6.204090026411456,1.158595579007404,3.858595579007404,2.5569443616547565
2000-06-12,-0.8206823183517105,1.8959843483149563,2.104101418193759,4.8207680848604255,-0.8206823183517105,1.8959843483149563,-0.4495100990891343
2000-06-13,0.9633761292443218,3.696709462577655,2.2650273465970114,4.998360679930345,0.9633761292443218,3.696709462577655,0.7719257260321863
2000-06-14,0.4127809269364983,3.1627809269364984,-0.8888702904161412,1.8611297095838588,0.4127809269364983,3.1627809269364984,0.2379971903910234
2000-06-15,0.82206015999449,3.5887268266611567,-2.1027235765509866,0.66394309011568,0.82206015999449,3.5887268266611567,1.243232379257075
2000-06-16,1.8967929826539474,4.68012631598728,-0.4487014647501397,2.3346318685831933,1.8967929826539474,4.68012631598728,3.378475098634608
2000-06-17,-0.2453881160028705,2.5546118839971292,-0.24538811600288812,2.5546118839971115,-0.2453881160028705,2.5546118839971292,2.5546118839971204
2000-06-18,-6.753736164357489,-3.937069497690823,-4.408241716953424,-1.5915750502867576,-0.7537361643574896,2.062930502309177,3.3645817196618335
2000-06-19,-0.8895144296255233,1.9438189037078102,2.035269306919961,4.868602640253295,-0.8895144296255233,1.9438189037078102,4.289313351111881
2000-06-20,-0.8158102849654383,2.034189715034562,0.485840932387233,3.3358409323872333,-0.8158102849654383,2.034189715034562,4.958973451580033
2000-06-21,-0.0771017094141042,2.7895649572525625,-1.3787529267667622,1.4879137398999045,-0.0771017094141042,2.7895649572525625,5.714348693798035
2000-06-22,0.3411519748166439,3.224485308149977,-2.5836317617288183,0.29970157160451505,0.3411519748166439,3.224485308149977,5.569979755554079
2000-06-23,0.27669079933001905,3.176690799330019,-2.0688036480740553,0.8311963519259447,0.27669079933001905,3.176690799330019,4.478342016682682
2000-06-24,0.8271832490360238,3.7438499157026905,0.8271832490360268,3.7438499157026937,0.8271832490360238,3.7438499157026905,3.743849915702689
2000-06-25,0.01300189187790702,2.9463352252112402,2.358496339281985,5.291829672615318,0.01300189187790702,2.9463352252112402,1.6446840078585743
2000-06-26,1.4535340771573169,4.4035340771573175,4.378317813702797,7.328317813702798,1.4535340771573169,4.4035340771573175,2.0580396297532406
2000-06-27,-0.2646568332379561,2.702009833428711,1.0369943841147737,4.0036610507814405,-0.2646568332379561,2.702009833428711,-0.22277390311675305
2000-06-28,2.720169166589619,5.703502499922952,1.4185179492369422,4.401851282570275,2.720169166589619,5.703502499922952,2.7787187633774817
2000-06-29,0.6256673477650062,3.625667347765006,-2.2991163887804604,0.7008836112195396,0.6256673477650062,3.625667347765006,1.2801729003609106
2000-06-30,-0.8571575564162826,2.159509110250384,-3.202652003820397,-0.18598533715373033,-0.8571575564162826,2.159509110250384,0.8578578928976914
2000-07-01,-1.0708924980611123,1.962440835272221,-1.0708924980610888,1.9624408352722444,-1.0708924980611123,1.962440835272221,1.9624408352722327
2000-07-02,0.4824724152431853,3.532472415243185,2.827966862647276,5.877966862647275,0.4824724152431853,3.532472415243185,4.83412363259586
2000-07-03,-0.2234627853258509,2.8432038813408154,2.701320951219624,5.76798761788629,-0.2234627853258509,2.8432038813408154,5.1886983287448984
2000-07-04,0.714000494092092,3.7973338274254256,2.015651711444803,5.098985044778137,0.714000494092092,3.7973338274254256,6.722117563970892
2000-07-05,0.47323762457354485,3.573237624573545,-0.8284135927790737,2.2715864072209264,0.47323762457354485,3.573237624573545,6.498021361119022
2000-07-06,-0.07282891265687277,3.043837754009794,-2.997612649202344,0.11905401746432265,-0.07282891265687277,3.043837754009794,5.3893322014138825
2000-07-07,-0.846793718068405,2.286539615264928,-3.192288165472507,-0.05895483213917352,-0.846793718068405,2.286539615264928,3.5881908326176113
2000-07-08,-1.5148472246858646,1.6351527753141353,-1.5148472246859057,1.6351527753140942,-1.5148472246858646,1.6351527753141353,1.635152775314156
2000-07-09,-0.4465149520670211,2.7201517145996457,1.8989794953370824,5.065646162003749,-0.4465149520670211,2.7201517145996457,1.4185004972469613
2000-07-10,0.8563987943234723,4.039732127656805,3.781182530868943,6.9645158642022755,0.8563987943234723,4.039732127656805,1.6942376802527153
2000-07-11,0.21409374413020396,3.414093744130204,1.5157449614828964,4.715744961482896,0.21409374413020396,3.414093744130204,0.4893100075847352
2000-07-12,-1.245738778711988,1.9709278879546788,-2.547389996064625,0.6692766706020419,-1.245738778711988,1.9709278879546788,-0.9538558485907966
2000-07-13,0.173180925851182,3.4065142591845152,-2.751602810694275,0.48173052263905847,0.173180925851182,3.4065142591845152,1.0610198117804064
2000-07-14,0.3853173797288368,3.635317379728837,-1.9601770676752521,1.289822932324748,0.3853173797288368,3.635317379728837,2.333666162376163
2000-07-15,-0.883857436201133,2.3828092304655337,-0.8838574362011535,2.3828092304655133,-0.883857436201133,2.3828092304655337,2.3828092304655235
2000-07-16,0.1537251059455279,3.4370584392788612,2.499219553349591,5.782552886682924,0.1537251059455279,3.4370584392788612,4.738709656631516
2000-07-17,0.058208718445999896,3.358208718446,2.982992454991466,6.282992454991466,0.058208718445999896,3.358208718446,5.703703165850096
2000-07-18,-1.142970297830623,2.173696368836043,0.15868091952205088,3.4753475861887173,-1.142970297830623,2.173696368836043,5.098480105381514
2000-07-19,0.3577873603482833,3.6911206936816168,-0.9438638570043723,2.3894694763289612,0.3577873603482833,3.6911206936816168,6.61590443022709
2000-07-20,0.5607845263682344,3.9107845263682344,-2.3639992101772274,0.9860007898227727,0.5607845263682344,3.9107845263682344,6.256278973772337
2000-07-21,1.083051243175277,4.449717909841944,-1.2624432042288523,2.1042234624378144,1.083051243175277,4.449717909841944,5.751369127194646
2000-07-22,1.053802052034903,4.4371353853682365,1.053802052034903,4.4371353853682365,1.053802052034903,4.4371353853682365,4.4371353853682365
2000-07-23,-1.377669367957091,2.022330632042909,0.9678250794469849,4.367825079446985,-1.377669367957091,2.022330632042909,0.7206794146902442
2000-07-24,-0.9378250399151228,2.4788416267515436,1.9869586966303574,5.403625363297024,-0.9378250399151228,2.4788416267515436,0.13334717934746765
2000-07-25,0.5150352672086598,3.948368600541993,1.816686484561315,5.250019817894648,0.5150352672086598,3.948368600541993,1.0235848639965197
2000-07-26,0.5137859509122088,3.9637859509122086,-0.7878652664404652,2.662134733559535,0.5137859509122088,3.9637859509122086,1.0390022143667377
2000-07-27,0.5150476863060479,3.981714352972715,-2.409736050239418,1.0569306164272487,0.5150476863060479,3.981714352972715,1.6362199055686184
2000-07-28,3.852731490654721,7.336064823988055,1.5072370432506048,4.990570376583939,3.852731490654721,7.336064823988055,6.034413606635361
2000-07-29,0.570890510693167,4.070890510693167,0.5708905106931023,4.070890510693102,0.570890510693167,4.070890510693167,4.070890510693135
2000-07-30,1.135565640180599,4.6522323068472655,3.4810600875846878,6.997726754251355,1.135565640180599,4.6522323068472655,5.95388352419994
2000-07-31,0.9540017634932023,4.487335096826536,3.878785500038678,7.412118833372012,0.9540017634932023,4.487335096826536,6.832829544230618
2000-08-01,0.651391251305798,4.201391251305798,1.9530424686585117,5.503042468658512,0.651391251305798,4.201391251305798,7.126174987851264
2000-08-02,-0.3152692446403456,3.251397422026321,-1.616920461993038,1.9497462046736285,-0.3152692446403456,3.251397422026321,6.17618115857179
2000-08-03,0.7589692204932674,4.342302553826601,-2.165814516052203,1.4175188172811302,0.7589692204932674,4.342302553826601,6.68779700123069
2000-08-04,-0.7728252145375718,2.8271747854624283,-3.1183196619416753,0.4816803380583248,-0.7728252145375718,2.8271747854624283,4.128826002815113
2000-08-05,-0.23681860674000887,3.379848059926658,-0.23681860674005298,3.379848059926614,-0.23681860674000887,3.379848059926658,3.37984805992668
2000-08-06,-0.48536354782910346,3.14796978550423,1.8601308995749455,5.493464232908279,-0.48536354782910346,3.14796978550423,1.846318568151585
2000-08-07,0.08187413938632256,3.7318741393863224,3.006657875931794,6.656657875931794,0.08187413938632256,3.7318741393863224,1.3863796919822335
2000-08-08,2.3146585666735087,5.981325233340176,3.6163097840262037,7.282976450692871,2.3146585666735087,5.981325233340176,3.0565414967947073
2000-08-09,-1.867265192591748,1.816068140741585,-3.1689164099443823,0.5144169233889508,-1.867265192591748,1.816068140741585,-1.1087155958038908
2000-08-10,0.6862601903745135,4.3862601903745135,-2.2385235461709616,1.4614764538290386,0.6862601903745135,4.3862601903745135,2.04076574297043
2000-08-11,-1.6127158711896517,2.103950795477015,-3.9582103185937423,-0.2415436519270755,-1.6127158711896517,2.103950795477015,0.8022995781243398
2000-08-12,-0.47193186578943347,3.2614014675439,-0.471931865789457,3.2614014675438763,-0.47193186578943347,3.2614014675439,3.2614014675438883
2000-08-13,1.088950596967366,4.838950596967366,3.4344450443714276,7.184445044371428,1.088950596967366,4.838950596967366,6.14060181432002
2000-08-14,0.06428001909546277,3.8309466857621293,2.9890637556409483,6.7557304223076144,0.06428001909546277,3.8309466857621293,6.176441133166199
2000-08-15,-1.0777447779293061,2.7055885554040273,0.22390643942337052,4.007239772756704,-1.0777447779293061,2.7055885554040273,5.630372291949498
2000-08-16,-0.7153037092599682,3.0846962907400317,-2.016954926612621,1.783045073387379,-0.7153037092599682,3.0846962907400317,6.009480027285505
2000-08-17,0.6795977489346758,4.496264415601342,-2.245185987610785,1.571480679055881,0.6795977489346758,4.496264415601342,6.841758863005445
2000-08-18,-0.7303666317171367,3.1029667016161966,-3.075861079121214,0.7574722542121188,-0.7303666317171367,3.1029667016161966,4.404617918968863
2000-08-19,0.21645858958197486,4.066458589581975,0.21645858958197192,4.0664585895819725,0.21645858958197486,4.066458589581975,4.066458589581977
2000-08-20,0.045571839903813784,3.9122385065704806,2.391066287307888,6.257732953974555,0.045571839903813784,3.9122385065704806,2.6105872892178175
2000-08-21,-0.6516003476058171,3.231732985727516,2.2731833889396635,6.156516722272997,-0.6516003476058171,3.231732985727516,0.886238538323441
2000-08-22,2.1439440893253257,6.043944089325326,3.4455953066780607,7.34559530667806,2.1439440893253257,6.043944089325326,3.119160352779862
2000-08-23,6.633919022318011,10.550585688984679,5.33226780496534,9.248934471632007,0.6339190223180112,4.550585688984678,1.6258019524392067
2000-08-24,-2.025142586657607,1.908190746675726,-4.949926323203073,-1.0165929898697392,-2.025142586657607,1.908190746675726,-0.4373037007283713
2000-08-25,0.18645431476942764,4.136454314769427,-2.159040132634691,1.7909598673653084,0.18645431476942764,4.136454314769427,2.834803097416732
2000-08-26,-0.661786464768388,3.304880201898279,-0.6617864647683703,3.3048802018982966,-0.661786464768388,3.304880201898279,3.3048802018982877
2000-08-27,0.852433334796224,4.8357666681295575,3.197927782200311,7.181261115533644,0.852433334796224,4.8357666681295575,6.13741788548223
2000-08-28,-0.7925207384327007,3.2074792615672996,2.1322629981127763,6.132262998112776,-0.7925207384327007,3.2074792615672996,5.552973708971381
2000-08-29,-0.11473644146689901,3.9019302251997674,1.1869147758858174,5.203581442552483,-0.11473644146689901,3.9019302251997674,6.826713961745233
2000-08-30,0.5049872789804571,4.5383206123137905,-0.796663938372156,3.2366693949611776,0.5049872789804571,4.5383206123137905,7.463104348859269
2000-08-31,0.8657551941701215,4.915755194170122,-2.0590285423753483,1.990971457624652,0.8657551941701215,4.915755194170122,7.261249641574212
2000-09-01,-1.2002964070557762,2.86637025961089,-3.5457908544598817,0.5208758122067847,-1.2002964070557762,2.86637025961089,4.168021476963576
2000-09-02,-0.3345012358409484,3.7488320974923846,-0.3345012358409954,3.7488320974923375,-0.3345012358409484,3.7488320974923846,3.748832097492408
2000-09-03,-0.4749453111609562,3.6250546888390436,1.870549136243144,5.970549136243143,-0.4749453111609562,3.6250546888390436,2.323403471486362
2000-09-04,-0.6533292325737119,3.4633374340929546,2.2714545039717597,6.388121170638426,-0.6533292325737119,3.4633374340929546,1.1178429866888666
2000-09-05,1.7654542402810969,5.898787573614429,3.0671054576337946,7.200438790967127,1.7654542402810969,5.898787573614429,2.9740038370689614
2000-09-06,0.40498171096095553,4.554981710960956,-0.8966695063916761,3.253330493608324,0.40498171096095553,4.554981710960956,1.6301979744154793
2000-09-07,-1.2608839543350452,2.9057827123316216,-4.185667690880501,-0.019001024213833873,-1.2608839543350452,2.9057827123316216,0.5602882649275105
2000-09-08,0.9178619470547761,5.10119528038811,-1.4276325003493162,2.7557008329840174,0.9178619470547761,5.10119528038811,3.799544063035433
2000-09-09,2.1221561970126332,6.322156197012633,2.1221561970126066,6.322156197012607,2.1221561970126332,6.322156197012633,6.32215619701262
2000-09-10,1.0324652605511468,5.249131927217814,3.377959707955206,7.594626374621873,1.0324652605511468,5.249131927217814,6.550783144570467
2000-09-11,-1.5193699659540134,2.71396336737932,1.4054137705914536,5.638747103924787,-1.5193699659540134,2.71396336737932,5.059457814783414
2000-09-12,-0.48423407286625136,3.7657659271337485,0.817417144486428,5.067417144486428,-0.48423407286625136,3.7657659271337485,6.690549663679219
2000-09-13,1.2669111491866227,5.533577815853289,-0.03474006816602748,4.231926598500639,1.2669111491866227,5.533577815853289,8.458361552398763
2000-09-14,-0.7076694656187807,3.5756638677145522,-3.632453202164241,0.6508801311690919,-0.7076694656187807,3.5756638677145522,5.921158315118657
2000-09-15,0.44381942814622843,4.743819428146228,-1.9016750192579044,2.398324980742095,0.44381942814622843,4.743819428146228,6.045470645498934
2000-09-16,0.7746340534293368,5.091300720096003,0.7746340534293309,5.0913007200959965,0.7746340534293368,5.091300720096003,5.091300720096005
2000-09-17,-0.926930471578083,3.40640286175525,1.4185639758259896,5.751897309159323,-0.926930471578083,3.40640286175525,2.1047516444025884
2000-09-18,-0.05952535606180008,4.290474643938199,2.8652583804836818,7.2152583804836805,-0.05952535606180008,4.290474643938199,1.9449801965341251
2000-09-19,-3.2412673400690726,1.1253993265975937,-1.939616122716412,2.427050543950254,-3.2412673400690726,1.1253993265975937,-1.7993844099478786
2000-09-20,-1.0243876413342898,3.3589456919990432,-2.3260388586869585,2.0572944746463744,-1.0243876413342898,3.3589456919990432,0.43416195545357184
2000-09-21,-0.2525681513931603,4.14743184860684,-3.1773518879386247,1.2226481120613757,-0.2525681513931603,4.14743184860684,1.8019374012027418
2000-09-22,-1.2477831819648495,3.1688834847018175,-3.5932776293689694,0.8233890372976975,-1.2477831819648495,3.1688834847018175,1.867232267349121
2000-09-23,1.6324113039316352,6.065744637264968,1.6324113039315646,6.065744637264898,1.6324113039316352,6.065744637264968,6.065744637264933
2000-09-24,-1.4301413779606327,3.0198586220393677,0.9153530694434522,5.365353069443453,-1.4301413779606327,3.0198586220393677,4.321509839392039
2000-09-25,-0.44004448669698376,4.026622179969683,2.4847392498484933,6.95140591651516,-0.44004448669698376,4.026622179969683,6.372116627373764
2000-09-26,0.13074057728609134,4.614073910619425,1.4323917946388103,5.915725127972143,0.13074057728609134,4.614073910619425,7.53885764716489
2000-09-27,1.4412732890661155,5.941273289066116,0.13962207171342844,4.639622071713429,1.4412732890661155,5.941273289066116,8.866057025611585
2000-09-28,-1.4358621511794394,3.0808045154872272,-4.360645887724909,0.15602077894175803,-1.4358621511794394,3.0808045154872272,5.42629896289132
2000-09-29,1.1631637521549596,5.696497085488293,-1.1823306952491475,3.3510026380841857,1.1631637521549596,5.696497085488293,6.998148302840979
2000-09-30,0.010233061019587049,4.560233061019587,0.010233061019537077,4.560233061019537,0.010233061019587049,4.560233061019587,4.560233061019612
2000-10-01,-0.9815086510479509,3.5851580156187155,1.363985796356094,5.93065246302276,-0.9815086510479509,3.5851580156187155,2.2835067982660733
2000-10-02,0.46210347426327075,5.045436807596603,3.386887210808743,7.970220544142076,0.46210347426327075,5.045436807596603,2.6999423601925163
2000-10-03,0.19905969557347003,4.79905969557347,1.5007109129261704,6.10071091292617,0.19905969557347003,4.79905969557347,1.8742759590280023
2000-10-04,-0.6002168771587947,4.016449789507871,-1.9018680945114235,2.7147985721552423,-0.6002168771587947,4.016449789507871,1.0916660529623945
2000-10-05,6.069802084990019,10.703135418323352,3.1450183484445446,7.7783516817778775,0.06980208499001891,4.703135418323352,2.3576409709192667
2000-10-06,-0.3853135968617602,4.26468640313824,-2.7308080442658547,1.9191919557341457,-0.3853135968617602,4.26468640313824,2.9630351857855626
2000-10-07,0.11351734525124804,4.780184011917915,0.11351734525121865,4.780184011917886,0.11351734525124804,4.780184011917915,4.7801840119179
2000-10-08,0.6621306745210467,5.34546400785438,3.0076251219251047,7.690958455258437,0.6621306745210467,5.34546400785438,6.647115225207031
2000-10-09,1.586016816145352,6.286016816145352,4.510800552690839,9.21080055269084,1.586016816145352,6.286016816145352,8.631511263549418
2000-10-10,-1.237815498826849,3.4788511678398177,0.0638357185258327,4.7805023851924995,-1.237815498826849,3.4788511678398177,6.403634904385287
2000-10-11,2.1330333746562666,6.8663667079896005,0.8313821573036191,5.564715490636953,2.1330333746562666,6.8663667079896005,9.791150444535074
2000-10-12,4.047912200477498,8.797912200477498,1.123128463932039,5.873128463932039,-1.9520877995225019,2.797912200477498,5.143406647881603
2000-10-13,-0.15178509503558332,4.614881571631083,-2.4972795424396645,2.269387124227002,-0.15178509503558332,4.614881571631083,5.916532788983752
2000-10-14,0.5883172064845765,5.37165053981791,0.5883172064844825,5.371650539817816,0.5883172064845765,5.37165053981791,5.371650539817957
2000-10-15,0.28099186773503265,5.080991867735032,2.626486315139103,7.426486315139103,0.28099186773503265,5.080991867735032,3.7793406503823714
2000-10-16,-0.6226995198205938,4.193967146846073,2.30208421672487,7.118750883391536,-0.6226995198205938,4.193967146846073,1.848472699441973
2000-10-17,-0.20812225035727522,4.625211082976058,1.0935289669954649,5.926862300328798,-0.20812225035727522,4.625211082976058,1.7004273464305957
2000-10-18,-0.4930009346588328,4.356999065341167,-1.7946521520114989,3.055347847988501,-0.4930009346588328,4.356999065341167,1.4322153287956954
2000-10-19,-0.5893647569442115,4.277301909722455,-3.5141484934896563,1.3525181731770104,-0.5893647569442115,4.277301909722455,1.93180746231833
2000-10-20,0.8496020970210246,5.732935430354358,-1.4958923503830972,3.387440982950236,0.8496020970210246,5.732935430354358,4.4312842130016605
2000-10-21,0.35701548596504734,5.257015485965048,0.3570154859650591,5.257015485965059,0.35701548596504734,5.257015485965048,5.257015485965054
2000-10-22,-0.6929095952606542,4.223757071406013,1.652584852143376,6.569251518810043,-0.6929095952606542,4.223757071406013,5.525408288758644
2000-10-23,0.8995998754332507,5.832933208766584,3.8243836119787282,8.757716945312062,0.8995998754332507,5.832933208766584,8.178427656170664
2000-10-24,-5.692700479123391,-0.7427004791233909,-4.391049261770746,0.558950738229254,0.30729952087660933,5.257299520876609,8.182083257422084
2000-10-25,6.81286211883896,11.779528785505626,5.511210901486352,10.47787756815302,0.8128621188389601,5.779528785505627,8.704312522051106
2000-10-26,0.6296288419236122,5.612962175256945,-2.2951548946218567,2.6881784387114767,0.6296288419236122,5.612962175256945,7.958456622661037
2000-10-27,-0.8289950109220723,4.171004989077928,-3.1744894583261285,1.825510541673872,-0.8289950109220723,4.171004989077928,5.472656206430578
2000-10-28,-0.5601810401969696,4.456485626469697,-0.5601810401970225,4.456485626469644,-0.5601810401969696,4.456485626469697,4.456485626469724
2000-10-29,0.7472936051232618,5.780626938456595,3.092788052527358,8.126121385860692,0.7472936051232618,5.780626938456595,4.478975721103915
2000-10-30,0.6103702654334648,5.660370265433465,3.535154001978957,8.585154001978957,0.6103702654334648,5.660370265433465,3.3148758180294053
2000-10-31,-0.020901593964148132,5.045765072702518,1.280749623388555,6.347416290055222,-0.020901593964148132,5.045765072702518,2.120981336157051
2000-11-01,0.117327383308782,5.200660716642115,-1.184323834043921,3.8990094992894115,0.117327383308782,5.200660716642115,2.2758769800966476
2000-11-02,1.277664895788425,6.377664895788424,-1.6471188407570292,3.45288115924297,1.277664895788425,6.377664895788424,4.032170448384312
2000-11-03,-0.5915713888358299,4.525095277830836,-2.9370658362399262,2.1796008304267396,-0.5915713888358299,4.525095277830836,3.2234440604781565
2000-11-04,0.5470973811700379,5.680430714503371,0.5470973811699203,5.680430714503253,0.5470973811700379,5.680430714503371,5.680430714503312
2000-11-05,-0.20219265243389406,4.947807347566107,2.143301794970162,7.293301794970162,-0.20219265243389406,4.947807347566107,6.249458564918757
2000-11-06,-0.2176812032272203,4.948985463439446,2.7071025333182486,7.873769199984915,-0.2176812032272203,4.948985463439446,7.294479910843538
2000-11-07,1.09877685198719,6.282110185320524,2.4004280693399513,7.583761402673285,1.09877685198719,6.282110185320524,9.206893921865984
2000-11-08,6.82541634898803,12.025416348988031,5.523765131635385,10.723765131635385,0.8254163489880298,6.02541634898803,8.950200085533504
2000-11-09,0.8135096360006385,6.030176302667305,-2.111274100544839,3.105392566121828,0.8135096360006385,6.030176302667305,8.375670750071386
2000-11-10,1.305478807154329,6.5388121404876625,-1.0400156402498077,4.193317693083525,1.305478807154329,6.5388121404876625,7.84046335784037
2000-11-11,0.02100384163275905,5.271003841632759,0.0210038416327473,5.271003841632748,0.02100384163275905,5.271003841632759,5.271003841632766
2000-11-12,0.6819529712949639,5.948619637961631,3.027447418699086,8.294114085365752,0.6819529712949639,5.948619637961631,4.646968420608934
2000-11-13,-0.31026675659345604,4.973066576739877,2.614516979952027,7.89785031328536,-0.31026675659345604,4.973066576739877,2.627572129335805
2000-11-14,0.3241663524884421,5.624166352488442,1.6258175698411081,6.925817569841108,0.3241663524884421,5.624166352488442,2.69938261594297
2000-11-15,-0.13014305436768459,5.1865236122989815,-1.4317942717202712,3.884872394946395,-0.13014305436768459,5.1865236122989815,2.2617398757535
2000-11-16,0.09699596499271819,5.430329298326051,-2.827787771552745,2.505545561780588,0.09699596499271819,5.430329298326051,3.0848348509219514
2000-11-17,0.5951570254369136,5.945157025436913,-1.750337421967157,3.5996625780328424,0.5951570254369136,5.945157025436913,4.643505808084252
2000-11-18,-0.8182206832334725,4.548445983433194,-0.8182206832335489,4.548445983433117,-0.8182206832334725,4.548445983433194,4.548445983433155
2000-11-19,2.0923872756854602,7.4757206090187935,4.437881723089542,9.821215056422876,2.0923872756854602,7.4757206090187935,8.777371826371462
2000-11-20,-1.006017381499702,4.393982618500298,1.9187663550457956,7.3187663550457955,-1.006017381499702,4.393982618500298,6.73947706590435
2000-11-21,-1.2141886127877322,4.202478053878934,0.08746260456499222,5.504129271231658,-1.2141886127877322,4.202478053878934,7.127261790424399
2000-11-22,1.1581108735000678,6.591444206833401,-0.14354034385261416,5.289792989480719,1.1581108735000678,6.591444206833401,9.51622794337887
2000-11-23,0.7916626939629359,6.241662693962936,-2.1331210425825127,3.316878957417487,0.7916626939629359,6.241662693962936,8.587157141367056
2000-11-24,6.624119817052155,12.090786483718823,4.278625369648044,9.74529203631471,0.6241198170521551,6.090786483718822,7.392437701071511
2000-11-25,0.6283455092642799,6.111678842597613,0.6283455092643093,6.111678842597643,0.6283455092642799,6.111678842597613,6.111678842597598
2000-11-26,-0.012246772846914623,5.487753227153085,2.3332476745571267,7.833247674557127,-0.012246772846914623,5.487753227153085,4.186102009800446
2000-11-27,-0.8972543714858315,4.619412295180835,2.0275293650596424,7.544196031726309,-0.8972543714858315,4.619412295180835,2.27391784777675
2000-11-28,0.07580455819372633,5.60913789152706,1.3774557755463552,6.910789108879689,0.07580455819372633,5.60913789152706,2.684354154981583
2000-11-29,-0.6771617115121117,4.8728382884878885,-1.9788129288647354,3.571187071135265,-0.6771617115121117,4.8728382884878885,1.9480545519424113
2000-11-30,0.9751197334177512,6.541786400084417,-1.949664003127721,3.617002663538945,0.9751197334177512,6.541786400084417,4.19629195268033
2000-12-01,-0.14705738150213865,5.4362759518311945,-2.49255182890629,3.090781504427043,-0.14705738150213865,5.4362759518311945,4.134624734478475
2000-12-02,-0.8254971967925115,4.774502803207488,-0.8254971967925469,4.774502803207453,-0.8254971967925115,4.774502803207488,4.77450280320747
2000-12-03,-0.32138584165299344,5.2952808250136725,2.0241086057511137,7.6407752724177795,-0.32138584165299344,5.2952808250136725,6.59693204236636
2000-12-04,0.41293145427562433,6.0462647876089575,3.3377151908211125,8.971048524154446,0.41293145427562433,6.0462647876089575,8.391759235013023
2000-12-05,-0.5637245528039747,5.086275447196026,0.7379266645487124,6.387926664548713,-0.5637245528039747,5.086275447196026,8.011059183741494
2000-12-06,-0.8222203955664315,4.844446271100235,-2.1238716129189967,3.54279505374767,-0.8222203955664315,4.844446271100235,7.769230007645719
2000-12-07,0.2436872114919123,5.927020544825246,-2.6810965250535457,3.002236808279788,0.2436872114919123,5.927020544825246,8.272514992229354
2000-12-08,0.24496657110872277,5.944966571108723,-2.100527876295362,3.599472123704638,0.24496657110872277,5.944966571108723,7.2466177884613945
2000-12-09,-0.5069431753711298,5.209723491295537,-0.5069431753712297,5.209723491295437,-0.5069431753711298,5.209723491295537,5.209723491295587
2000-12-10,-0.4710383056183228,5.262295027715011,1.8744561417857444,7.607789475119078,-0.4710383056183228,5.262295027715011,3.9606438103623525
2000-12-11,0.2320499373576363,5.982049937357636,3.1568336739031007,8.906833673903101,0.2320499373576363,5.982049937357636,3.6365554899535377
2000-12-12,-1.4480843414973241,4.318582325169342,-0.14643312414457865,5.6202335425220875,-1.4480843414973241,4.318582325169342,1.3937985886238802
2000-12-13,-1.4074637743765552,4.3758695589567775,-2.7091149917292157,3.0742183416041167,-1.4074637743765552,4.3758695589567775,1.4510858224113052
2000-12-14,-0.718444221252436,5.081555778747564,-3.643227957797918,2.1567720422020824,-0.718444221252436,5.081555778747564,2.73606133134349
2000-12-15,-0.21344715171184725,5.603219514954819,-2.5589415991159727,3.257725067550694,-0.21344715171184725,5.603219514954819,4.301568297602119
2000-12-16,0.3109075655980046,6.144240898931337,0.31090756559801047,6.1442408989313435,0.3109075655980046,6.144240898931337,6.14424089893134
2000-12-17,1.475356216949552,7.325356216949552,3.8208506643535785,9.670850664353578,1.475356216949552,7.325356216949552,8.62700743430218
2000-12-18,0.8576596232020194,6.724326289868686,3.7824433597474987,9.649110026414165,0.8576596232020194,6.724326289868686,9.069820737272764
2000-12-19,-0.1599385299634271,5.723394803369906,1.1417126873892232,7.025046020722556,-0.1599385299634271,5.723394803369906,8.64817853991538
2000-12-20,-0.01901620790268883,5.880983792097312,-1.3206674252552912,4.57933257474471,-0.01901620790268883,5.880983792097312,8.805767528642791
2000-12-21,-1.0025293646378088,4.914137302028858,-3.927313101183276,1.9893535654833912,-1.0025293646378088,4.914137302028858,7.259631749432953
2000-12-22,-0.01851313599238993,5.914820197340943,-2.364007583396556,3.569325749936777,-0.01851313599238993,5.914820197340943,7.2164714146936735
2000-12-23,-0.2886586389201383,5.661341361079862,-0.2886586389201971,5.661341361079804,-0.2886586389201383,5.661341361079862,5.6613413610798915
2000-12-24,0.3227185603380895,6.2893852270047566,2.6682130077421817,8.634879674408849,0.3227185603380895,6.2893852270047566,4.98773400965208
2000-12-25,-0.827230943552323,5.156102389781011,2.0975527929931705,8.080886126326504,-0.827230943552323,5.156102389781011,2.810607942376953
2000-12-26,0.5193465142411723,6.519346514241172,1.8209977315938808,7.820997731593881,0.5193465142411723,6.519346514241172,3.5945627776957054
2000-12-27,1.5327389130025777,7.549405579669244,0.23108769564987997,6.247754362316547,1.5327389130025777,7.549405579669244,4.624621843123776
2000-12-28,-0.1087601484568576,5.9245731848764756,-3.0335438850023104,2.999789448331023,-0.1087601484568576,5.9245731848764756,3.5790787374723614
2000-12-29,0.40171172209894146,6.451711722098941,-1.9437827253051585,4.106217274694841,0.40171172209894146,6.451711722098941,5.150060504746259
2000-12-30,0.6901439917111125,6.756810658377779,0.6901439917111596,6.756810658377826,0.6901439917111125,6.756810658377779,6.756810658377802
2000-12-31,-0.40122047188583626,5.6821128614474965,1.9442739755182157,8.027607308851548,-0.40122047188583626,5.6821128614474965,6.983764078800144
2001-01-01,0.22409248181041677,6.324092481810417,3.1488762183558863,9.248876218355885,0.22409248181041677,6.324092481810417,8.669586929214507
2001-01-02,0.01259240078179486,6.129259067448461,1.3142436181345614,7.430910284801228,0.01259240078179486,6.129259067448461,9.054042803993921
2001-01-03,0.09767609854883172,6.231009431882165,-1.203975118803808,4.929358214529525,0.09767609854883172,6.231009431882165,9.155793168427639
2001-01-04,-0.7730097838554665,5.3769902161445335,-3.697793520400943,2.452206479599057,-0.7730097838554665,5.3769902161445335,7.722484663548615
2001-01-05,0.024510174258942714,6.19117684092561,-2.3209842731451977,3.8456823935214692,0.024510174258942714,6.19117684092561,7.49282805827832
2001-01-06,0.49799829124544975,6.6813316245787835,0.4979982912454321,6.681331624578766,0.49799829124544975,6.6813316245787835,6.681331624578792
2001-01-07,1.4511436077950417,7.651143607795042,3.796638055199054,9.996638055199053,1.4511436077950417,7.651143607795042,6.349492390442424
2001-01-08,0.9592708260852069,7.175937492751873,3.8840545626306913,10.100721229297358,0.9592708260852069,7.175937492751873,4.830443045347803
2001-01-09,2.1531824575115563,8.38651579084489,3.4548336748642274,9.68816700819756,2.1531824575115563,8.38651579084489,5.461732054299418
2001-01-10,-0.7673475628880495,5.48265243711195,-2.068998780240631,4.181001219759368,-0.7673475628880495,5.48265243711195,2.557868700566468
2001-01-11,0.8723206367206782,7.138987303387345,-2.052463099824784,4.214203566841883,0.8723206367206782,7.138987303387345,4.793492855983243
2001-01-12,0.18334200573835174,6.466675339071685,-2.1621524416657225,4.121180891667611,0.18334200573835174,6.466675339071685,5.165024121719021
2001-01-13,2.1898029332176723,8.489802933217671,2.18980293321759,8.48980293321759,8.189802933217672,14.489802933217671,14.48980293321763
2001-01-14,-0.8082982853551515,5.508368381311515,1.5371961620489263,7.8538628287155925,-0.8082982853551515,5.508368381311515,6.810019598664181
2001-01-15,-0.8397218421807761,5.493611491152557,2.0850618943646846,8.418395227698017,-0.8397218421807761,5.493611491152557,7.839105938556661
2001-01-16,-0.5993926454440222,5.750607354555978,0.7022585719087076,7.052258571908707,-0.5993926454440222,5.750607354555978,8.675391091101442
2001-01-17,-2.123895724309807,4.242770942356859,-3.4255469416624837,2.9411197250041825,-2.123895724309807,4.242770942356859,7.16755467890233
2001-01-18,-0.525755021680761,5.8575783116525715,-3.4505387582262084,2.932794575107124,-0.525755021680761,5.8575783116525715,8.203072759056694
2001-01-19,-0.759132661553698,5.640867338446302,-3.1046271089578124,3.295372891042188,-0.759132661553698,5.640867338446302,6.942518555798994
2001-01-20,0.15039378647620763,6.567060453142875,0.15039378647623117,6.567060453142898,0.15039378647620763,6.567060453142875,6.567060453142863
2001-01-21,0.34175597577715944,6.775089309110493,2.687250423181197,9.120583756514531,0.34175597577715944,6.775089309110493,5.473438091757856
2001-01-22,1.8761708392158862,8.326170839215887,4.800954575761361,11.250954575761362,1.8761708392158862,8.326170839215887,5.980676391811803
2001-01-23,0.9504238381860503,7.417090504852717,2.252075055538838,8.718741722205504,0.9504238381860503,7.417090504852717,4.492306768307261
2001-01-24,-0.5769036556624031,5.90642967767093,-1.8785548730150214,4.604778460318312,-0.5769036556624031,5.90642967767093,2.9816459411254526
2001-01-25,-0.898414671348358,5.601585328651642,-3.8231984078938295,2.6768015921061705,-0.898414671348358,5.601585328651642,3.256090881247553
2001-01-26,0.4919191715065057,7.008585838173173,-1.8535752758976494,4.663091390769018,0.4919191715065057,7.008585838173173,5.706934620820451
2001-01-27,-7.320233207020642,-0.7868998736873092,-7.320233207020683,-0.78689987368735,-1.3202332070206422,5.213100126312691,5.21310012631267
2001-01-28,1.8314587658543537,8.381458765854354,4.176953213258457,10.726953213258458,1.8314587658543537,8.381458765854354,9.68310998320704
2001-01-29,1.179440120721287,7.746106787387953,4.104223857266777,10.670890523933442,1.179440120721287,7.746106787387953,10.091601234792016
2001-01-30,5.530824347895296,12.114157681228628,6.832475565247988,13.41580889858132,-0.4691756521047048,6.114157681228628,9.038941417774097
2001-01-31,-1.7131345290908775,4.886865470909122,-3.014785746443591,3.585214253556408,-1.7131345290908775,4.886865470909122,7.811649207454588
2001-02-01,1.3538723741654128,7.9705390408320795,-1.570911362380044,5.045755304286622,1.3538723741654128,7.9705390408320795,10.316033488236188
2001-02-02,-0.11453984525261789,6.518793488080715,-2.4600342926567067,4.173299040676627,-0.11453984525261789,6.518793488080715,7.820444705433389
2001-02-03,1.2378163119734618,7.887816311973461,1.2378163119733558,7.8878163119733555,1.2378163119734618,7.887816311973461,7.8878163119735145
2001-02-04,-1.594427658794367,5.0722390078723,0.751066788609696,7.4177334552763625,-1.594427658794367,5.0722390078723,3.7705877905196443
2001-02-05,-0.5993750229537729,6.083958310379561,2.325408713591693,9.008742046925027,-0.5993750229537729,6.083958310379561,3.7384638629754647
2001-02-06,0.005243699718183166,6.705243699718183,1.3068949170709339,8.006894917070934,0.005243699718183166,6.705243699718183,3.7804599631727216
2001-02-07,0.046980593764742055,6.763647260431409,-1.2546706235879135,5.461996043078753,0.046980593764742055,6.763647260431409,3.8388635238859354
2001-02-08,-0.45006547147924364,6.28326786185409,-3.374849208024686,3.3584841253086473,-0.45006547147924364,6.28326786185409,3.9377734144499605
2001-02-09,0.6228499323474987,7.372849932347499,-1.7226445150566305,5.02735548494337,0.6228499323474987,7.372849932347499,6.071198714994797
2001-02-10,-1.0676204293825944,5.6990462372840724,-1.0676204293825944,5.6990462372840724,-1.0676204293825944,5.6990462372840724,5.6990462372840724
2001-02-11,-0.1423794850212935,6.64095384831204,2.2031149623827293,8.986448295716063,-0.1423794850212935,6.64095384831204,7.942605065664666
2001-02-12,0.12029563171189886,6.920295631711899,3.045079368257379,9.84507936825738,0.12029563171189886,6.920295631711899,9.265790079115975
2001-02-13,0.514438834058749,7.331105500725416,1.8160900514114044,8.63275671807807,0.514438834058749,7.331105500725416,10.255889237270889
2001-02-14,0.7116148780888898,7.544948211422223,-0.5900363392637076,6.243296994069626,0.7116148780888898,7.544948211422223,10.469731947967702
2001-02-15,-1.1246420918378692,5.72535790816213,-4.0494258283833355,2.800574171616664,-1.1246420918378692,5.72535790816213,8.070852355566227
2001-02-16,-1.5341141707356223,5.3325524959310435,-3.8796086181396854,2.9870580485269804,-1.5341141707356223,5.3325524959310435,6.634203713283699
2001-02-17,1.277676821898509,8.161010155231843,1.2776768218984444,8.161010155231779,1.277676821898509,8.161010155231843,8.161010155231875
2001-02-18,0.33231401197959165,7.232314011979591,2.6778084593836806,9.57780845938368,0.33231401197959165,7.232314011979591,5.930662794626917
2001-02-19,-0.7484865365565536,6.168180130110113,2.1762971999889413,9.092963866655609,-0.7484865365565536,6.168180130110113,3.8226856827060574
2001-02-20,1.551151975522523,8.484485308855856,2.8528031928752364,9.786136526208569,1.551151975522523,8.484485308855856,5.55970157231039
2001-02-21,0.11567463429285867,7.065674634292859,-1.1859765830598337,5.764023416940166,0.11567463429285867,7.065674634292859,4.14089089774739
2001-02-22,1.1792971840638264,8.145963850730492,-1.745486552481625,5.2211801141850405,1.1792971840638264,8.145963850730492,5.800469403326376
2001-02-23,0.06751848141010895,7.050851814743442,-2.2779759659939947,4.705357367339339,0.06751848141010895,7.050851814743442,5.749200597390757
2001-02-24,2.060747924881987,9.060747924881987,2.060747924881858,9.060747924881857,2.060747924881987,9.060747924881987,9.060747924881923
2001-02-25,1.7553408424432044,8.772007509109871,4.100835289847254,11.11750195651392,1.7553408424432044,8.772007509109871,10.073658726462515
2001-02-26,-0.2489641484790735,6.78436918485426,2.675819588066398,9.709152921399731,-0.2489641484790735,6.78436918485426,9.129863632258349
2001-02-27,0.9715709509543554,8.021570950954356,2.2732221683071274,9.323222168307128,0.9715709509543554,8.021570950954356,10.946354687499815
2001-02-28,0.6453759495851475,7.712042616251814,-0.6562752677674867,6.41039139889918,0.6453759495851475,7.712042616251814,10.63682635279729
2001-03-01,1.3686315575323487,8.451964890865682,-1.5561521790131263,5.527181154320207,1.3686315575323487,8.451964890865682,10.797459338269766
2001-03-02,-0.9649234605801045,6.135076539419895,-3.3104179079842484,3.7895820920157512,-0.9649234605801045,6.135076539419895,7.4367277567726084
2001-03-03,0.6860514599984393,7.802718126665106,0.6860514599984158,7.8027181266650825,0.6860514599984393,7.802718126665106,7.802718126665117
2001-03-04,1.0584244868495878,8.191757820182922,3.4039189342537024,10.537252267587036,1.0584244868495878,8.191757820182922,6.89010660283023
2001-03-05,-1.7587394864231143,5.391260513576885,1.1660442501223713,8.31604425012237,-1.7587394864231143,5.391260513576885,3.045766066172816
2001-03-06,-1.183258512665775,5.983408154000892,0.11839270468690155,7.285059371353569,-1.183258512665775,5.983408154000892,3.0586244174554214
2001-03-07,-2.0392321777601006,5.144101155573233,-3.3408833951126766,3.8424499382206574,-2.0392321777601006,5.144101155573233,2.2193174190277505
2001-03-08,-0.26940683444455776,6.930593165555442,-3.1941905709900187,4.0058094290099815,-0.26940683444455776,6.930593165555442,4.585098718151339
2001-03-09,6.717542255795962,13.934208922462629,4.372047808391884,11.588714475058552,0.7175422557959623,7.934208922462629,6.632557705109963
2001-03-10,1.502357052096028,8.735690385429361,1.50235705209594,8.735690385429272,1.502357052096028,8.735690385429361,8.735690385429317
2001-03-11,0.07409478041977519,7.324094780419776,2.4195892278238493,9.669589227823849,0.07409478041977519,7.324094780419776,8.625745997772439
2001-03-12,1.6286155455712918,8.895282212237959,4.553399282116792,11.820065948783459,1.6286155455712918,8.895282212237959,11.240776659642007
2001-03-13,-1.3801014582148914,5.903231875118442,-0.07845024086215657,7.204883092471176,-1.3801014582148914,5.903231875118442,8.828015611663904
2001-03-14,-1.7033824393551547,5.596617560644845,-3.005033656707826,4.294966343292174,-1.7033824393551547,5.596617560644845,8.521401297190316
2001-03-15,-0.05554769889661878,7.261118967770048,-2.9803314354420647,4.336335231224602,-0.05554769889661878,7.261118967770048,9.606613415174172
2001-03-16,0.3840654489393073,7.717398782272641,-1.9614289984648114,5.371904334868522,0.3840654489393073,7.717398782272641,9.019049999625336
2001-03-17,-0.03269474809409311,7.317305251905907,-0.03269474809407545,7.317305251905925,-0.03269474809409311,7.317305251905907,7.317305251905898
2001-03-18,-2.0674421000398766,5.29922456662679,0.2780523473641572,7.644719014030823,-2.0674421000398766,5.29922456662679,3.9975733492741554
2001-03-19,-0.08912003951278841,7.294213293820545,2.8356636970326883,10.218997030366022,-0.08912003951278841,7.294213293820545,4.9487188464164635
2001-03-20,-1.3044695005048532,6.095530499495146,-0.002818283152213663,7.397181716847785,-1.3044695005048532,6.095530499495146,3.170746762949671
2001-03-21,0.6696725488300385,8.086339215496706,-0.6319786685225747,6.784687998144093,0.6696725488300385,8.086339215496706,5.161555478951227
2001-03-22,0.36659824609684827,7.799931579430182,-2.558185490448621,4.875147842884712,0.36659824609684827,7.799931579430182,5.454437132026092
2001-03-23,-0.9398797863273552,6.510120213672645,-3.2853742337315137,4.164625766268486,-0.9398797863273552,6.510120213672645,5.208468996319921
2001-03-24,-0.5138669173366935,6.952799749329973,-0.5138669173367406,6.952799749329926,-0.5138669173366935,6.952799749329973,6.95279974932995
2001-03-25,-1.0592135218889516,6.424119811444382,1.2862809255151484,8.769614258848481,-1.0592135218889516,6.424119811444382,7.725771028797064
2001-03-26,-0.06267909727317188,7.437320902726828,2.862104639272319,10.362104639272319,-0.06267909727317188,7.437320902726828,9.782815350130889
2001-03-27,0.9551423205012383,8.471808987167904,2.256793537853936,9.773460204520601,0.9551423205012383,8.471808987167904,11.396592723713372
2001-03-28,5.014273953664456,12.547607286997788,3.7126227363119018,11.245956069645235,-0.9857260463355437,6.547607286997789,9.472391023543274
2001-03-29,0.5040465155178444,8.054046515517845,-2.4207372210276112,5.1292627789723895,0.5040465155178444,8.054046515517845,10.399540962921956
2001-03-30,-0.5302576183724408,7.036409048294225,-2.875752065776533,4.6909146008901335,-0.5302576183724408,7.036409048294225,8.338060265646902
2001-03-31,-0.7928728322623442,6.790460501070989,-0.7928728322624559,6.790460501070877,-0.7928728322623442,6.790460501070989,6.790460501071045
2001-04-01,-0.10703035995455783,7.492969640045442,2.238464087449502,9.838464087449502,-0.10703035995455783,7.492969640045442,6.191318422692789
2001-04-02,-1.035242322419374,6.581424344247292,1.8895414141260929,9.50620808079276,-1.035242322419374,6.581424344247292,4.2359298968431975
2001-04-03,-0.553649305347182,7.079684027986151,0.7480019120055741,8.381335245338907,-0.553649305347182,7.079684027986151,4.15490029144069
2001-04-04,-1.1978778925888485,6.452122107411151,-2.4995291099414985,5.150470890058501,-1.1978778925888485,6.452122107411151,3.527338370865677
2001-04-05,1.9647251329163893,9.631391799583056,-0.9600586036290901,6.706608063037577,1.9647251329163893,9.631391799583056,7.285897352178979
2001-04-06,0.03526355197172861,7.718596885305062,-2.310230895432404,5.373102437900929,0.03526355197172861,7.718596885305062,6.416945667952357
2001-04-07,-0.6997255079925856,7.0002744920074145,-0.6997255079925915,7.000274492007408,-0.6997255079925856,7.0002744920074145,7.000274492007412
2001-04-08,0.213979910734222,7.930646577400889,2.559474358138241,10.276141024804907,0.213979910734222,7.930646577400889,9.232297794753514
2001-04-09,-0.11232804969082982,7.6210052836425035,2.8124556868546517,10.545789020187986,-0.11232804969082982,7.6210052836425035,9.966499731046579
2001-04-10,-0.22096959953322298,7.529030400466777,1.0806816178194376,8.830681617819437,-0.22096959953322298,7.529030400466777,10.453814137012248
2001-04-11,0.6141667000434252,8.380833366710092,-0.6874845173091668,7.0791821493575,0.6141667000434252,8.380833366710092,11.305617103255573
2001-04-12,0.7575077100473051,8.540841043380638,-2.1672760264981594,5.616057306835174,0.7575077100473051,8.540841043380638,10.886335490784736
2001-04-13,-0.5305011476105275,7.269498852389472,-2.8759955950147007,4.924004404985299,-0.5305011476105275,7.269498852389472,8.571150069742208
2001-04-14,-0.57581824064468,7.240848426021986,-0.5758182406447505,7.240848426021916,-0.57581824064468,7.240848426021986,7.240848426022022
2001-04-15,-0.275051697151644,7.558281636181689,2.070442750252441,9.903776083585774,-0.275051697151644,7.558281636181689,6.256630418829017
2001-04-16,-2.301921164735585,5.548078835264414,0.6228625718099114,8.47286257180991,-2.301921164735585,5.548078835264414,3.20258438786036
2001-04-17,-1.5151910621985523,6.3514756044681135,-0.21353984484583322,7.653126821820832,-1.5151910621985523,6.3514756044681135,3.4266918679226483
2001-04-18,1.3668742674445247,9.250207600777857,0.0652230500918376,7.948556383425171,1.3668742674445247,9.250207600777857,6.325423864232388
2001-04-19,1.6449677135012837,9.544967713501283,-1.2798160230441664,6.620183976955833,1.6449677135012837,9.544967713501283,7.199473266097164
2001-04-20,-0.24903603955637832,7.667630627110289,-2.5945304869604855,5.322136179706182,-0.24903603955637832,7.667630627110289,6.3659794097576015
2001-04-21,0.5765569630557664,8.5098902963891,0.5765569630558017,8.509890296389136,0.5765569630557664,8.5098902963891,8.509890296389118
2001-04-22,0.3112501545435361,8.261250154543536,2.656744601947581,10.60674460194758,0.3112501545435361,8.261250154543536,9.562901371896178
2001-04-23,3.0788808084552377,11.045547475121904,6.00366454500071,13.970331211667375,3.0788808084552377,11.045547475121904,13.391041922525991
2001-04-24,1.1195749114345768,9.10290824476791,2.421226128787354,10.404559462120687,1.1195749114345768,9.10290824476791,12.027691981313367
2001-04-25,-0.12791759148076653,7.872082408519233,-1.4295688088333955,6.5704311911666045,-0.12791759148076653,7.872082408519233,10.79686614506471
2001-04-26,-0.9555404406004258,7.06112622606624,-3.8803241771458996,4.136342489520766,-0.9555404406004258,7.06112622606624,9.406620673470325
2001-04-27,-1.6064463202575725,6.426887013075761,-3.9519407676617204,4.081392565671613,-1.6064463202575725,6.426887013075761,7.728538230428477
2001-04-28,0.2034636358672231,8.253463635867224,0.2034636358671937,8.253463635867194,0.2034636358672231,8.253463635867224,8.253463635867238
2001-04-29,-0.7563507452843033,7.310315921382363,1.589143702119701,9.655810368786367,-0.7563507452843033,7.310315921382363,6.0086647040297505
2001-04-30,-1.4222537095976742,6.6610796237356595,1.5025300269478128,9.585863360281147,-1.4222537095976742,6.6610796237356595,4.315585176331593
2001-05-01,-0.6465728842425266,7.453427115757473,0.6550783331101552,8.755078333110156,-0.6465728842425266,7.453427115757473,4.528643379212004
2001-05-02,-1.081548003614395,7.035118663052272,-2.383199220966966,5.733467445699702,-1.081548003614395,7.035118663052272,4.110334926506789
2001-05-03,-4.312858364927435,3.8204749684058967,-7.237642101472895,0.8956912318604378,1.6871416350725648,9.820474968405897,7.4749805210017914
2001-05-04,0.8816397569494505,9.03163975694945,-1.4638546904546308,6.68614530954537,0.8816397569494505,9.03163975694945,7.729988539596782
2001-05-05,-0.007972641316617372,8.158694025350048,-0.007972641316711439,8.158694025349954,-0.007972641316617372,8.158694025350048,8.158694025350002
2001-05-06,1.4799441388900259,9.66327747222336,3.8254385862940965,12.008771919627431,1.4799441388900259,9.66327747222336,10.96492868957602
2001-05-07,0.0773683076476183,8.277368307647617,3.002152044193082,11.202152044193081,0.0773683076476183,8.277368307647617,10.622862755051717
2001-05-08,-0.8612842013282637,7.355382465338403,0.4403670160244765,8.657033682691143,-0.8612842013282637,7.355382465338403,10.280166201883866
2001-05-09,1.5231240772696573,9.756457410602989,0.22147285991699128,8.454806193250324,1.5231240772696573,9.756457410602989,12.68124114714846
2001-05-10,0.5389100436846587,8.788910043684659,-2.385873692860786,5.864126307139214,0.5389100436846587,8.788910043684659,11.134404491088784
2001-05-11,-1.0372461543264564,7.2294205123402095,-3.3827406017305783,4.883926064936087,-1.0372461543264564,7.2294205123402095,8.531071729692908
2001-05-12,-0.1903386780836082,8.092994655249726,-0.19033867808359642,8.092994655249738,-0.1903386780836082,8.092994655249726,8.09299465524972
2001-05-13,-0.8756182533847572,7.424381746615244,1.469876194019273,9.769876194019274,-0.8756182533847572,7.424381746615244,6.122730529262612
2001-05-14,-1.382799730964336,6.93386693570233,1.5419840055811416,9.858650672247808,-1.382799730964336,6.93386693570233,4.58837248829825
2001-05-15,0.9261775475316414,9.259510880864976,2.22782876488444,10.561162098217775,0.9261775475316414,9.259510880864976,6.334727144319521
2001-05-16,7.9094166404701305,16.25941664047013,6.607765423117523,14.957765423117522,1.9094166404701305,10.25941664047013,7.334632903924651
2001-05-17,-1.3985675738191412,6.968099092847526,-4.32335131036461,4.043315356302057,-1.3985675738191412,6.968099092847526,4.622604645443433
2001-05-18,0.5629692366905709,8.946302570023903,-1.7825252107135912,6.600808122619741,0.5629692366905709,8.946302570023903,7.6446513526711755
2001-05-19,-0.6506425691218269,7.749357430878174,-0.6506425691218799,7.749357430878121,-0.6506425691218269,7.749357430878174,7.749357430878147
2001-05-20,-0.48712538376469605,7.92954128290197,1.8583690636394004,10.275035730306065,-0.48712538376469605,7.92954128290197,9.231192500254648
2001-05-21,-0.5923939242388692,7.840939409094465,2.332389812306623,10.765723145639956,-0.5923939242388692,7.840939409094465,10.186433856498525
2001-05-22,-6.863990769679816,1.5860092303201831,-5.562339552327113,2.8876604476728858,-0.863990769679816,7.586009230320183,10.510792966865651
2001-05-23,0.04852162794482699,8.515188294611495,-1.253129589407876,7.213537077258792,0.04852162794482699,8.515188294611495,11.439972031156962
2001-05-24,-0.8309501164110378,7.652383216922295,-3.755733852956492,4.72759948037684,-0.8309501164110378,7.652383216922295,9.997877664326408
2001-05-25,0.2704568257798388,8.770456825779839,-2.0750376216242574,6.424962378375742,0.2704568257798388,8.770456825779839,10.072108043132518
2001-05-26,-0.05023810944913695,8.46642855721753,-0.05023810944925454,8.466428557217412,-0.05023810944913695,8.46642855721753,8.466428557217588
2001-05-27,-0.23894804686640975,8.294385286466923,2.1065464005376464,10.639879733870979,-0.23894804686640975,8.294385286466923,6.992734069114273
2001-05-28,-0.9075636620415979,7.642436337958403,2.0172200745038706,10.567220074503872,-0.9075636620415979,7.642436337958403,5.29694189055431
2001-05-29,-0.5767713305683327,7.989895336098334,0.7248798867844287,9.291546553451095,-0.5767713305683327,7.989895336098334,5.065111599552873
2001-05-30,0.755391225825756,9.33872455915909,-0.5462599915268889,8.037073341806444,0.755391225825756,9.33872455915909,6.413940822613615
2001-05-31,0.5009171876243808,9.10091718762438,-2.423866548921059,6.176133451078941,0.5009171876243808,9.10091718762438,6.755422740220248
2001-06-01,-0.977555244798551,7.639111421868116,-3.3230496922026878,5.29361697446398,-0.977555244798551,7.639111421868116,6.337460204515407
2001-06-02,0.09933230542922587,8.732665638762558,0.09933230542921413,8.732665638762546,0.09933230542922587,8.732665638762558,8.732665638762553
2001-06-03,0.751387123371789,9.401387123371789,3.0968815707758046,11.746881570775805,0.751387123371789,9.401387123371789,10.70303834072441
2001-06-04,-1.6694052811213718,6.997261385545294,1.2553784554241112,9.922045122090777,-1.6694052811213718,6.997261385545294,9.342755832949367
2001-06-05,0.543360192379935,9.22669352571327,1.8450114097326011,10.528344743065935,0.543360192379935,9.22669352571327,12.15147726225874
2001-06-06,-0.6626237589458467,8.037376241054153,-1.9642749762984333,6.735725023701566,-0.6626237589458467,8.037376241054153,10.962159977599635
2001-06-07,0.5705986685931593,9.287265335259827,-2.354185067952304,6.362481598714363,0.5705986685931593,9.287265335259827,11.632759782663927
2001-06-08,-0.7632591565425169,7.970074176790815,-3.1087536039465875,5.6245797293867446,-0.7632591565425169,7.970074176790815,9.271725394143475
2001-06-09,-1.804882100664519,6.9451178993354805,-1.8048821006645954,6.945117899335404,-1.804882100664519,6.9451178993354805,6.945117899335519
2001-06-10,-1.6275424378831627,7.139124228783503,0.7179520095209191,9.484618676187585,-1.6275424378831627,7.139124228783503,5.837473011430834
2001-06-11,0.048084946661381994,8.831418279994715,2.9728686832068796,11.756202016540213,0.048084946661381994,8.831418279994715,6.485923832590663
2001-06-12,0.25972250172148187,9.059722501721483,1.5613737190742063,10.361373719074207,0.25972250172148187,9.059722501721483,6.1349387651760185
2001-06-13,-0.9043166251044086,7.912350041562258,-2.2059678424570905,6.610698824209575,-0.9043166251044086,7.912350041562258,4.987566305016788
2001-06-14,0.6385924587773739,9.471925792110708,-2.286191277768075,6.54714205556526,0.6385924587773739,9.471925792110708,7.126431344706589
2001-06-15,-1.6615200622689599,7.1884799377310395,-4.007014509673071,4.842985490326928,-1.6615200622689599,7.1884799377310395,5.88682872037835
2001-06-16,-0.06607979864731657,8.80058686801935,-0.06607979864745768,8.80058686801921,-0.06607979864731657,8.80058686801935,8.800586868019279
2001-06-17,-1.2110161997624567,7.672317133570877,1.1344782476415847,10.017811580974918,-1.2110161997624567,7.672317133570877,8.973968350923517
2001-06-18,-0.6518361078021592,8.24816389219784,2.272947628743315,11.172947628743316,-0.6518361078021592,8.24816389219784,10.593658339601927
2001-06-19,0.047398671316414016,8.96406533798308,1.3490498886691966,10.265716555335862,0.047398671316414016,8.96406533798308,11.888849074528537
2001-06-20,-0.8604133652839524,8.072919968049382,-2.1620645826365763,6.771268750696758,-0.8604133652839524,8.072919968049382,10.997703704594858
2001-06-21,-0.38455554422982535,8.565444455770175,-3.3093392807752977,5.6406607192247025,-0.38455554422982535,8.565444455770175,10.910938903174262
2001-06-22,1.0062928092144405,9.972959475881108,-1.339201638189711,7.627465028476957,1.0062928092144405,9.972959475881108,11.274610693233827
2001-06-23,-0.5768918695231487,8.406441463810184,-0.576891869523184,8.406441463810149,-0.5768918695231487,8.406441463810184,8.406441463810202
2001-06-24,0.8356921120651418,9.835692112065141,3.1811865594692494,12.181186559469248,0.8356921120651418,9.835692112065141,8.534040894712454
2001-06-25,-1.129706854657618,7.886959812009048,1.7950768818878702,10.811743548554535,-1.129706854657618,7.886959812009048,5.541465364604982
2001-06-26,0.5298041779152828,9.563137511248616,1.83145539526797,10.864788728601303,0.5298041779152828,9.563137511248616,6.6383537747031465
2001-06-27,1.4415686206579004,10.491568620657901,0.13991740330533498,9.189917403305335,1.4415686206579004,10.491568620657901,7.566784884112417
2001-06-28,-2.4716445001272893,6.595022166539377,-5.396428236672747,3.670238429993919,-2.4716445001272893,6.595022166539377,4.24952771913527
2001-06-29,-0.7968952554704768,8.286438077862858,-3.1423897028745618,5.940943630458773,-0.7968952554704768,8.286438077862858,6.984786860510186
2001-06-30,0.57707212718054,9.677072127180539,0.5770721271804401,9.67707212718044,0.57707212718054,9.677072127180539,9.67707212718049
2001-07-01,-0.2030453860429927,8.913621280623675,2.1424490613610745,11.25911572802774,-0.2030453860429927,8.913621280623675,10.215272497976333
2001-07-02,0.37114587337130883,9.50447920670464,3.2959296099168114,12.429262943250144,0.37114587337130883,9.50447920670464,11.849973654108686
2001-07-03,-0.6039851867158206,8.54601481328418,0.6976660306369249,9.847666030636924,-0.6039851867158206,8.54601481328418,11.470798549829642
2001-07-04,0.08658978747289992,9.253256454139565,-1.2150614298797606,7.951605236786905,0.08658978747289992,9.253256454139565,12.178040190685039
2001-07-05,-0.15567723539207948,9.027656097941254,-3.0804609719375233,6.10287236139581,-0.15567723539207948,9.027656097941254,11.373150545345382
2001-07-06,1.1677820616598074,10.367782061659806,-1.177712385744318,8.022287614255681,1.1677820616598074,10.367782061659806,11.669433279012507
2001-07-07,0.2544208433012131,9.47108750996788,0.254420843301219,9.471087509967886,0.2544208433012131,9.47108750996788,9.471087509967877
2001-07-08,0.3376026620752022,9.570935995408535,2.6830971094792284,11.916430442812562,0.3376026620752022,9.570935995408535,8.269284778055905
2001-07-09,-0.4118769661224674,8.838123033877533,2.512906770423012,11.762906770423012,-0.4118769661224674,8.838123033877533,6.492628586473455
2001-07-10,-0.48760622407249354,8.779060442594172,0.8140449932801564,10.080711659946822,-0.48760622407249354,8.779060442594172,5.854276706048698
2001-07-11,5.5674418121803795,14.850775145513712,4.265790594827776,13.549123928161109,-0.4325581878196209,8.850775145513712,5.9259914089682315
2001-07-12,0.39445214237829684,9.694452142378298,-2.53033159416717,6.769668405832831,0.39445214237829684,9.694452142378298,7.348957694974203
2001-07-13,-0.42098448082026296,8.895682185846404,-2.766478928224429,6.550187738442238,-0.42098448082026296,8.895682185846404,7.594030968493675
2001-07-14,0.2897748568964129,9.623108190229747,0.2897748568963541,9.623108190229688,0.2897748568964129,9.623108190229747,9.623108190229717
2001-07-15,2.075400798645439,11.425400798645438,4.420895246049531,13.77089524604953,2.075400798645439,11.425400798645438,12.727052015998114
2001-07-16,0.8711247034316923,10.237791370098359,3.795908439977186,13.162575106643853,0.8711247034316923,10.237791370098359,12.583285817502416
2001-07-17,-0.32602353216784113,9.057309801165491,0.9756276851848673,10.3589610185182,-0.32602353216784113,9.057309801165491,11.982093537710957
2001-07-18,1.2012139221639448,10.601213922163945,-0.10043729518859923,9.2995627048114,1.2012139221639448,10.601213922163945,13.525997658709432
2001-07-19,-0.4080753730215514,9.008591293645114,-3.3328591095670044,6.083807557099662,-0.4080753730215514,9.008591293645114,11.354085741049229
2001-07-20,-2.038124535177854,7.39520879815548,-4.383618982581954,5.04971435075138,-2.038124535177854,7.39520879815548,8.696860015508161
2001-07-21,-1.008086310917404,8.441913689082595,-1.0080863109175275,8.44191368908247,-1.008086310917404,8.441913689082595,8.441913689082657
2001-07-22,-1.8707919210258557,7.5958747456408116,0.4747025263781963,9.941369193044864,-1.8707919210258557,7.5958747456408116,6.294223528288164
2001-07-23,-0.35151348404130867,9.131819849292024,2.573270252504161,12.056603585837493,-0.35151348404130867,9.131819849292024,6.786325401887932
2001-07-24,0.0184183791895517,9.518418379189551,1.3200695965423184,10.820069596542318,0.0184183791895517,9.518418379189551,6.593634642644092
2001-07-25,1.6764373122752827,11.193103978941949,0.3747860949227968,9.891452761589463,1.6764373122752827,11.193103978941949,8.268320242396454
2001-07-26,6.326927373764162,15.860260707097495,3.402143637218686,12.935476970552019,0.32692737376416264,9.860260707097495,7.514766259693414
2001-07-27,-0.21910052880886424,9.330899471191136,-2.5645949762130047,6.985405023786996,-0.21910052880886424,9.330899471191136,8.029248253838425
2001-07-28,0.8294055811834892,10.396072247850155,0.829405581183301,10.396072247849967,0.8294055811834892,10.396072247850155,10.39607224785006
2001-07-29,-2.211135309007885,7.372198024325449,0.13435913839623348,9.717692471729567,-2.211135309007885,7.372198024325449,8.673849241678145
2001-07-30,0.23561455810856594,9.835614558108565,3.1603982946540503,12.760398294654049,0.23561455810856594,9.835614558108565,12.181109005512635
2001-07-31,0.7708651938869668,10.387531860553635,2.072516411239792,11.68918307790646,0.7708651938869668,10.387531860553635,13.312315597099087
2001-08-01,-1.4785862457798415,8.154747087553492,-2.7802374631325764,6.853095870200757,-1.4785862457798415,8.154747087553492,11.079530824098956
2001-08-02,1.143754043206929,10.79375404320693,-1.781029693338533,7.868970306661467,1.143754043206929,10.79375404320693,13.139248490611031
2001-08-03,0.3384964074944141,10.00516307416108,-2.0069980399097664,7.6596686267569,0.3384964074944141,10.00516307416108,11.30681429151382
2001-08-04,-0.4152879139008013,9.268045419432532,-0.41528791390071307,9.268045419432621,-0.4152879139008013,9.268045419432532,9.268045419432488
2001-08-05,0.6327818661062848,10.332781866106284,2.9782763135103627,12.678276313510363,0.6327818661062848,10.332781866106284,9.031130648753619
2001-08-06,2.270692857804396,11.987359524471064,5.195476594349895,14.912143261016562,2.270692857804396,11.987359524471064,9.641865077067013
2001-08-07,0.18186625505849516,9.915199588391827,1.4835174724113782,11.216850805744711,0.18186625505849516,9.915199588391827,6.990415851846382
2001-08-08,0.24822058630033608,9.998220586300336,-1.0534306310523405,8.69656936894766,0.24822058630033608,9.998220586300336,7.073436849754866
2001-08-09,-0.4593608995402441,9.307305767126422,-3.3841446360856917,6.382522030580975,-0.4593608995402441,9.307305767126422,6.961811319722301
2001-08-10,-0.8498443694647918,8.933488963868541,-3.1953388168690124,6.58799451646432,-0.8498443694647918,8.933488963868541,7.631837746515772
2001-08-11,0.8303358165442456,10.630335816544246,0.8303358165442691,10.63033581654427,0.8303358165442456,10.630335816544246,10.630335816544259
2001-08-12,-0.8560838259088672,8.9605828407578,1.4894106214951701,11.306077288161838,-0.8560838259088672,8.9605828407578,10.262234058110437
2001-08-13,0.07156623721939247,9.904899570552727,2.9963499737649055,12.82968330709824,0.07156623721939247,9.904899570552727,12.250394017956758
2001-08-14,-0.4776574467651167,9.372342553234883,0.8239937705875175,10.673993770587519,-0.4776574467651167,9.372342553234883,12.297126289780358
2001-08-15,0.47897982574639186,10.345646492413058,-0.8226713916062266,9.043995275060439,0.47897982574639186,10.345646492413058,13.270430228958535
2001-08-16,0.3336621052869483,10.21699543862028,-2.591121631258485,7.292211702074847,0.3336621052869483,10.21699543862028,12.562489886024423
2001-08-17,1.0375399442578992,10.9375399442579,-1.3079545031461497,8.592045496853851,1.0375399442578992,10.9375399442579,12.239191161610545
2001-08-18,-0.510016398854747,9.40665026781192,-0.5100163988547882,9.406650267811878,-0.510016398854747,9.40665026781192,9.40665026781194
2001-08-19,-0.26987493529337125,9.663458398039962,2.0756195121106256,12.00895284544396,-0.26987493529337125,9.663458398039962,8.361807180687354
2001-08-20,-0.9787637157823074,8.971236284217692,1.946020020763144,11.896020020763144,-0.9787637157823074,8.971236284217692,6.625741836813576
2001-08-21,-0.4442932600761116,9.522373406590555,0.8573579572765808,10.824024623943247,-0.4442932600761116,9.522373406590555,6.597589670045086
2001-08-22,0.3773004930448522,10.360633826378185,-0.9243507243077078,9.058982609025625,0.3773004930448522,10.360633826378185,7.435850089832701
